Date,Student Name,Roll Number,Subject,Similarity,Final Score,Feedback
03-07-2026 12:16:38,swetha,m9,Artificial Intelligence,100.00001192092896,100.0,Strong Understanding
03-07-2026 12:17:06,swetha,m9,Artificial Intelligence,100.00001192092896,100.0,Strong Understanding
03-07-2026 12:28:15,b,5,Artificial Intelligence,3.525152802467346,22.82,Needs Improvement
03-07-2026 13:44:52,s,8,Other,24.552376568317413,27.64,Needs Improvement
03-07-2026 13:46:04,s,8,Other,51.3318657875061,49.07,Needs Improvement
23-09-2026 11:39:42,priya,8,DBMS,99.63990449905396,99.71,Strong Understanding
23-09-2026 11:45:17,raji,5,Java,100.00001192092896,100.0,Strong Understanding
23-09-2026 11:47:14,raji,5,Java,100.00001192092896,100.0,Strong Understanding
23-09-2026 11:50:25,ram,6,Artificial Intelligence,10.644514858722687,28.52,Needs Improvement
